"","eventID","occurrenceID","recordedBy","measurementType","measurementValue","measurementUnit"
"1","Site2_13/02/1930","Site2_13/02/1930_A24","Edgar Anderson","sepal length",4.9,"cm"
"2","Site2_13/02/1930","Site2_13/02/1930_A24","Edgar Anderson","sepal width",3.6,"cm"
"3","Site2_13/02/1930","Site2_13/02/1930_A24","Edgar Anderson","petal length",1.4,"cm"
"4","Site2_13/02/1930","Site2_13/02/1930_A24","Edgar Anderson","petal width",0.1,"cm"
"5","Site3_01/12/1929","Site3_01/12/1929_A148","Edgar Anderson","sepal length",6.9,"cm"
"6","Site3_01/12/1929","Site3_01/12/1929_A148","Edgar Anderson","sepal width",3.1,"cm"
"7","Site3_01/12/1929","Site3_01/12/1929_A148","Edgar Anderson","petal length",5.1,"cm"
"8","Site3_01/12/1929","Site3_01/12/1929_A148","Edgar Anderson","petal width",2.3,"cm"
"9","Site2_13/02/1930","Site2_13/02/1930_A70","Edgar Anderson","sepal length",6.6,"cm"
"10","Site2_13/02/1930","Site2_13/02/1930_A70","Edgar Anderson","sepal width",2.9,"cm"
"11","Site2_13/02/1930","Site2_13/02/1930_A70","Edgar Anderson","petal length",4.6,"cm"
"12","Site2_13/02/1930","Site2_13/02/1930_A70","Edgar Anderson","petal width",1.3,"cm"
"13","Site1_01/12/1929","Site1_01/12/1929_A16","Edgar Anderson","sepal length",5.8,"cm"
"14","Site1_01/12/1929","Site1_01/12/1929_A16","Edgar Anderson","sepal width",4,"cm"
"15","Site1_01/12/1929","Site1_01/12/1929_A16","Edgar Anderson","petal length",1.2,"cm"
"16","Site1_01/12/1929","Site1_01/12/1929_A16","Edgar Anderson","petal width",0.2,"cm"
"17","Site1_01/12/1929","Site1_01/12/1929_A67","Edgar Anderson","sepal length",5.1,"cm"
"18","Site1_01/12/1929","Site1_01/12/1929_A67","Edgar Anderson","sepal width",2.5,"cm"
"19","Site1_01/12/1929","Site1_01/12/1929_A67","Edgar Anderson","petal length",3,"cm"
"20","Site1_01/12/1929","Site1_01/12/1929_A67","Edgar Anderson","petal width",1.1,"cm"
"21","Site3_01/12/1929","Site3_01/12/1929_A144","Edgar Anderson","sepal length",7.2,"cm"
"22","Site3_01/12/1929","Site3_01/12/1929_A144","Edgar Anderson","sepal width",3,"cm"
"23","Site3_01/12/1929","Site3_01/12/1929_A144","Edgar Anderson","petal length",5.8,"cm"
"24","Site3_01/12/1929","Site3_01/12/1929_A144","Edgar Anderson","petal width",1.6,"cm"
"25","Site3_01/12/1929","Site3_01/12/1929_A92","Edgar Anderson","sepal length",6.6,"cm"
"26","Site3_01/12/1929","Site3_01/12/1929_A92","Edgar Anderson","sepal width",3,"cm"
"27","Site3_01/12/1929","Site3_01/12/1929_A92","Edgar Anderson","petal length",4.4,"cm"
"28","Site3_01/12/1929","Site3_01/12/1929_A92","Edgar Anderson","petal width",1.4,"cm"
"29","Site1_01/12/1929","Site1_01/12/1929_A108","Edgar Anderson","sepal length",7.7,"cm"
"30","Site1_01/12/1929","Site1_01/12/1929_A108","Edgar Anderson","sepal width",2.8,"cm"
"31","Site1_01/12/1929","Site1_01/12/1929_A108","Edgar Anderson","petal length",6.7,"cm"
"32","Site1_01/12/1929","Site1_01/12/1929_A108","Edgar Anderson","petal width",2,"cm"
"33","Site1_01/12/1929","Site1_01/12/1929_A112","Edgar Anderson","sepal length",6.1,"cm"
"34","Site1_01/12/1929","Site1_01/12/1929_A112","Edgar Anderson","sepal width",2.6,"cm"
"35","Site1_01/12/1929","Site1_01/12/1929_A112","Edgar Anderson","petal length",5.6,"cm"
"36","Site1_01/12/1929","Site1_01/12/1929_A112","Edgar Anderson","petal width",1.4,"cm"
"37","Site2_13/02/1930","Site2_13/02/1930_A81","Edgar Anderson","sepal length",6.1,"cm"
"38","Site2_13/02/1930","Site2_13/02/1930_A81","Edgar Anderson","sepal width",3,"cm"
"39","Site2_13/02/1930","Site2_13/02/1930_A81","Edgar Anderson","petal length",4.6,"cm"
"40","Site2_13/02/1930","Site2_13/02/1930_A81","Edgar Anderson","petal width",1.4,"cm"
"41","Site1_01/12/1929","Site1_01/12/1929_A51","Edgar Anderson","sepal length",7,"cm"
"42","Site1_01/12/1929","Site1_01/12/1929_A51","Edgar Anderson","sepal width",3.2,"cm"
"43","Site1_01/12/1929","Site1_01/12/1929_A51","Edgar Anderson","petal length",4.7,"cm"
"44","Site1_01/12/1929","Site1_01/12/1929_A51","Edgar Anderson","petal width",1.4,"cm"
"45","Site2_13/02/1930","Site2_13/02/1930_A75","Edgar Anderson","sepal length",6.1,"cm"
"46","Site2_13/02/1930","Site2_13/02/1930_A75","Edgar Anderson","sepal width",2.8,"cm"
"47","Site2_13/02/1930","Site2_13/02/1930_A75","Edgar Anderson","petal length",4.7,"cm"
"48","Site2_13/02/1930","Site2_13/02/1930_A75","Edgar Anderson","petal width",1.2,"cm"
"49","Site2_13/02/1930","Site2_13/02/1930_A32","Edgar Anderson","sepal length",5.4,"cm"
"50","Site2_13/02/1930","Site2_13/02/1930_A32","Edgar Anderson","sepal width",3.7,"cm"
"51","Site2_13/02/1930","Site2_13/02/1930_A32","Edgar Anderson","petal length",1.5,"cm"
"52","Site2_13/02/1930","Site2_13/02/1930_A32","Edgar Anderson","petal width",0.2,"cm"
"53","Site3_01/12/1929","Site3_01/12/1929_A34","Edgar Anderson","sepal length",5.7,"cm"
"54","Site3_01/12/1929","Site3_01/12/1929_A34","Edgar Anderson","sepal width",3.8,"cm"
"55","Site3_01/12/1929","Site3_01/12/1929_A34","Edgar Anderson","petal length",1.7,"cm"
"56","Site3_01/12/1929","Site3_01/12/1929_A34","Edgar Anderson","petal width",0.3,"cm"
"57","Site1_01/12/1929","Site1_01/12/1929_A52","Edgar Anderson","sepal length",5.5,"cm"
"58","Site1_01/12/1929","Site1_01/12/1929_A52","Edgar Anderson","sepal width",2.3,"cm"
"59","Site1_01/12/1929","Site1_01/12/1929_A52","Edgar Anderson","petal length",4,"cm"
"60","Site1_01/12/1929","Site1_01/12/1929_A52","Edgar Anderson","petal width",1.3,"cm"
"61","Site1_01/12/1929","Site1_01/12/1929_A1","Edgar Anderson","sepal length",5.1,"cm"
"62","Site1_01/12/1929","Site1_01/12/1929_A1","Edgar Anderson","sepal width",3.5,"cm"
"63","Site1_01/12/1929","Site1_01/12/1929_A1","Edgar Anderson","petal length",1.4,"cm"
"64","Site1_01/12/1929","Site1_01/12/1929_A1","Edgar Anderson","petal width",0.3,"cm"
"65","Site1_02/12/1929","Site1_02/12/1929_A5","Edgar Anderson","sepal length",4.7,"cm"
"66","Site1_02/12/1929","Site1_02/12/1929_A5","Edgar Anderson","sepal width",3.2,"cm"
"67","Site1_02/12/1929","Site1_02/12/1929_A5","Edgar Anderson","petal length",1.6,"cm"
"68","Site1_02/12/1929","Site1_02/12/1929_A5","Edgar Anderson","petal width",0.2,"cm"
"69","Site1_02/12/1929","Site1_02/12/1929_A9","Edgar Anderson","sepal length",4.5,"cm"
"70","Site1_02/12/1929","Site1_02/12/1929_A9","Edgar Anderson","sepal width",2.3,"cm"
"71","Site1_02/12/1929","Site1_02/12/1929_A9","Edgar Anderson","petal length",1.3,"cm"
"72","Site1_02/12/1929","Site1_02/12/1929_A9","Edgar Anderson","petal width",0.3,"cm"
"73","Site1_02/12/1929","Site1_02/12/1929_A37","Edgar Anderson","sepal length",5.2,"cm"
"74","Site1_02/12/1929","Site1_02/12/1929_A37","Edgar Anderson","sepal width",3.5,"cm"
"75","Site1_02/12/1929","Site1_02/12/1929_A37","Edgar Anderson","petal length",1.5,"cm"
"76","Site1_02/12/1929","Site1_02/12/1929_A37","Edgar Anderson","petal width",0.2,"cm"
"77","Site1_02/12/1929","Site1_02/12/1929_A59","Edgar Anderson","sepal length",6.4,"cm"
"78","Site1_02/12/1929","Site1_02/12/1929_A59","Edgar Anderson","sepal width",2.9,"cm"
"79","Site1_02/12/1929","Site1_02/12/1929_A59","Edgar Anderson","petal length",4.3,"cm"
"80","Site1_02/12/1929","Site1_02/12/1929_A59","Edgar Anderson","petal width",1.3,"cm"
"81","Site2_02/12/1929","Site2_02/12/1929_A82","Edgar Anderson","sepal length",5.6,"cm"
"82","Site2_02/12/1929","Site2_02/12/1929_A82","Edgar Anderson","sepal width",2.7,"cm"
"83","Site2_02/12/1929","Site2_02/12/1929_A82","Edgar Anderson","petal length",4.2,"cm"
"84","Site2_02/12/1929","Site2_02/12/1929_A82","Edgar Anderson","petal width",1.3,"cm"
"85","Site3_02/12/1929","Site3_02/12/1929_A88","Edgar Anderson","sepal length",6.1,"cm"
"86","Site3_02/12/1929","Site3_02/12/1929_A88","Edgar Anderson","sepal width",2.9,"cm"
"87","Site3_02/12/1929","Site3_02/12/1929_A88","Edgar Anderson","petal length",4.7,"cm"
"88","Site3_02/12/1929","Site3_02/12/1929_A88","Edgar Anderson","petal width",1.4,"cm"
"89","Site1_02/12/1929","Site1_02/12/1929_A102","Edgar Anderson","sepal length",6.5,"cm"
"90","Site1_02/12/1929","Site1_02/12/1929_A102","Edgar Anderson","sepal width",3,"cm"
"91","Site1_02/12/1929","Site1_02/12/1929_A102","Edgar Anderson","petal length",5.8,"cm"
"92","Site1_02/12/1929","Site1_02/12/1929_A102","Edgar Anderson","petal width",2.2,"cm"
"93","Site1_02/12/1929","Site1_02/12/1929_A105","Edgar Anderson","sepal length",5.7,"cm"
"94","Site1_02/12/1929","Site1_02/12/1929_A105","Edgar Anderson","sepal width",2.5,"cm"
"95","Site1_02/12/1929","Site1_02/12/1929_A105","Edgar Anderson","petal length",5,"cm"
"96","Site1_02/12/1929","Site1_02/12/1929_A105","Edgar Anderson","petal width",2,"cm"
"97","Site1_02/12/1929","Site1_02/12/1929_A109","Edgar Anderson","sepal length",7.2,"cm"
"98","Site1_02/12/1929","Site1_02/12/1929_A109","Edgar Anderson","sepal width",3.2,"cm"
"99","Site1_02/12/1929","Site1_02/12/1929_A109","Edgar Anderson","petal length",6,"cm"
"100","Site1_02/12/1929","Site1_02/12/1929_A109","Edgar Anderson","petal width",1.8,"cm"
"101","Site1_02/12/1929","Site1_02/12/1929_A113","Edgar Anderson","sepal length",6.4,"cm"
"102","Site1_02/12/1929","Site1_02/12/1929_A113","Edgar Anderson","sepal width",3.1,"cm"
"103","Site1_02/12/1929","Site1_02/12/1929_A113","Edgar Anderson","petal length",5.5,"cm"
"104","Site1_02/12/1929","Site1_02/12/1929_A113","Edgar Anderson","petal width",1.8,"cm"
"105","Site1_02/12/1929","Site1_02/12/1929_A114","Edgar Anderson","sepal length",6.7,"cm"
"106","Site1_02/12/1929","Site1_02/12/1929_A114","Edgar Anderson","sepal width",3.1,"cm"
"107","Site1_02/12/1929","Site1_02/12/1929_A114","Edgar Anderson","petal length",5.6,"cm"
"108","Site1_02/12/1929","Site1_02/12/1929_A114","Edgar Anderson","petal width",2.4,"cm"
"109","Site1_02/12/1929","Site1_02/12/1929_A117","Edgar Anderson","sepal length",5.9,"cm"
"110","Site1_02/12/1929","Site1_02/12/1929_A117","Edgar Anderson","sepal width",3,"cm"
"111","Site1_02/12/1929","Site1_02/12/1929_A117","Edgar Anderson","petal length",5.1,"cm"
"112","Site1_02/12/1929","Site1_02/12/1929_A117","Edgar Anderson","petal width",1.8,"cm"
"113","Site2_02/12/1929","Site2_02/12/1929_A118","Edgar Anderson","sepal length",6.3,"cm"
"114","Site2_02/12/1929","Site2_02/12/1929_A118","Edgar Anderson","sepal width",3.3,"cm"
"115","Site2_02/12/1929","Site2_02/12/1929_A118","Edgar Anderson","petal length",6,"cm"
"116","Site2_02/12/1929","Site2_02/12/1929_A118","Edgar Anderson","petal width",2.5,"cm"
"117","Site2_02/12/1929","Site2_02/12/1929_A133","Edgar Anderson","sepal length",6.7,"cm"
"118","Site2_02/12/1929","Site2_02/12/1929_A133","Edgar Anderson","sepal width",3,"cm"
"119","Site2_02/12/1929","Site2_02/12/1929_A133","Edgar Anderson","petal length",5.2,"cm"
"120","Site2_02/12/1929","Site2_02/12/1929_A133","Edgar Anderson","petal width",2.3,"cm"
"121","Site1_01/12/1929","Site1_01/12/1929_A2","Edgar Anderson","sepal length",5.4,"cm"
"122","Site1_01/12/1929","Site1_01/12/1929_A2","Edgar Anderson","sepal width",3.4,"cm"
"123","Site1_01/12/1929","Site1_01/12/1929_A2","Edgar Anderson","petal length",1.7,"cm"
"124","Site1_01/12/1929","Site1_01/12/1929_A2","Edgar Anderson","petal width",0.2,"cm"
"125","Site1_01/12/1929","Site1_01/12/1929_A6","Edgar Anderson","sepal length",5.2,"cm"
"126","Site1_01/12/1929","Site1_01/12/1929_A6","Edgar Anderson","sepal width",4.1,"cm"
"127","Site1_01/12/1929","Site1_01/12/1929_A6","Edgar Anderson","petal length",1.5,"cm"
"128","Site1_01/12/1929","Site1_01/12/1929_A6","Edgar Anderson","petal width",0.1,"cm"
"129","Site1_01/12/1929","Site1_01/12/1929_A8","Edgar Anderson","sepal length",4.4,"cm"
"130","Site1_01/12/1929","Site1_01/12/1929_A8","Edgar Anderson","sepal width",3,"cm"
"131","Site1_01/12/1929","Site1_01/12/1929_A8","Edgar Anderson","petal length",1.3,"cm"
"132","Site1_01/12/1929","Site1_01/12/1929_A8","Edgar Anderson","petal width",0.2,"cm"
"133","Site2_13/02/1930","Site2_13/02/1930_A19","Edgar Anderson","sepal length",4.6,"cm"
"134","Site2_13/02/1930","Site2_13/02/1930_A19","Edgar Anderson","sepal width",3.6,"cm"
"135","Site2_13/02/1930","Site2_13/02/1930_A19","Edgar Anderson","petal length",1,"cm"
"136","Site2_13/02/1930","Site2_13/02/1930_A19","Edgar Anderson","petal width",0.2,"cm"
"137","Site2_13/02/1930","Site2_13/02/1930_A28","Edgar Anderson","sepal length",5,"cm"
"138","Site2_13/02/1930","Site2_13/02/1930_A28","Edgar Anderson","sepal width",3.3,"cm"
"139","Site2_13/02/1930","Site2_13/02/1930_A28","Edgar Anderson","petal length",1.4,"cm"
"140","Site2_13/02/1930","Site2_13/02/1930_A28","Edgar Anderson","petal width",0.2,"cm"
"141","Site2_13/02/1930","Site2_13/02/1930_A30","Edgar Anderson","sepal length",5,"cm"
"142","Site2_13/02/1930","Site2_13/02/1930_A30","Edgar Anderson","sepal width",3.6,"cm"
"143","Site2_13/02/1930","Site2_13/02/1930_A30","Edgar Anderson","petal length",1.4,"cm"
"144","Site2_13/02/1930","Site2_13/02/1930_A30","Edgar Anderson","petal width",0.2,"cm"
"145","Site3_01/12/1929","Site3_01/12/1929_A35","Edgar Anderson","sepal length",5.1,"cm"
"146","Site3_01/12/1929","Site3_01/12/1929_A35","Edgar Anderson","sepal width",3.7,"cm"
"147","Site3_01/12/1929","Site3_01/12/1929_A35","Edgar Anderson","petal length",1.5,"cm"
"148","Site3_01/12/1929","Site3_01/12/1929_A35","Edgar Anderson","petal width",0.4,"cm"
"149","Site3_01/12/1929","Site3_01/12/1929_A43","Edgar Anderson","sepal length",4.8,"cm"
"150","Site3_01/12/1929","Site3_01/12/1929_A43","Edgar Anderson","sepal width",3,"cm"
"151","Site3_01/12/1929","Site3_01/12/1929_A43","Edgar Anderson","petal length",1.4,"cm"
"152","Site3_01/12/1929","Site3_01/12/1929_A43","Edgar Anderson","petal width",0.3,"cm"
"153","Site2_13/02/1930","Site2_13/02/1930_A74","Edgar Anderson","sepal length",5.9,"cm"
"154","Site2_13/02/1930","Site2_13/02/1930_A74","Edgar Anderson","sepal width",3.2,"cm"
"155","Site2_13/02/1930","Site2_13/02/1930_A74","Edgar Anderson","petal length",4.8,"cm"
"156","Site2_13/02/1930","Site2_13/02/1930_A74","Edgar Anderson","petal width",1.8,"cm"
"157","Site3_01/12/1929","Site3_01/12/1929_A94","Edgar Anderson","sepal length",5.5,"cm"
"158","Site3_01/12/1929","Site3_01/12/1929_A94","Edgar Anderson","sepal width",2.4,"cm"
"159","Site3_01/12/1929","Site3_01/12/1929_A94","Edgar Anderson","petal length",3.7,"cm"
"160","Site3_01/12/1929","Site3_01/12/1929_A94","Edgar Anderson","petal width",1,"cm"
"161","Site3_01/12/1929","Site3_01/12/1929_A99","Edgar Anderson","sepal length",5.7,"cm"
"162","Site3_01/12/1929","Site3_01/12/1929_A99","Edgar Anderson","sepal width",2.9,"cm"
"163","Site3_01/12/1929","Site3_01/12/1929_A99","Edgar Anderson","petal length",4.2,"cm"
"164","Site3_01/12/1929","Site3_01/12/1929_A99","Edgar Anderson","petal width",1.3,"cm"
"165","Site2_13/02/1930","Site2_13/02/1930_A119","Edgar Anderson","sepal length",6.3,"cm"
"166","Site2_13/02/1930","Site2_13/02/1930_A119","Edgar Anderson","sepal width",2.9,"cm"
"167","Site2_13/02/1930","Site2_13/02/1930_A119","Edgar Anderson","petal length",5.6,"cm"
"168","Site2_13/02/1930","Site2_13/02/1930_A119","Edgar Anderson","petal width",1.8,"cm"
"169","Site2_13/02/1930","Site2_13/02/1930_A125","Edgar Anderson","sepal length",5.6,"cm"
"170","Site2_13/02/1930","Site2_13/02/1930_A125","Edgar Anderson","sepal width",2.8,"cm"
"171","Site2_13/02/1930","Site2_13/02/1930_A125","Edgar Anderson","petal length",4.9,"cm"
"172","Site2_13/02/1930","Site2_13/02/1930_A125","Edgar Anderson","petal width",2,"cm"
"173","Site2_13/02/1930","Site2_13/02/1930_A126","Edgar Anderson","sepal length",6.7,"cm"
"174","Site2_13/02/1930","Site2_13/02/1930_A126","Edgar Anderson","sepal width",3.3,"cm"
"175","Site2_13/02/1930","Site2_13/02/1930_A126","Edgar Anderson","petal length",5.7,"cm"
"176","Site2_13/02/1930","Site2_13/02/1930_A126","Edgar Anderson","petal width",2.1,"cm"
"177","Site3_01/12/1929","Site3_01/12/1929_A138","Edgar Anderson","sepal length",6.4,"cm"
"178","Site3_01/12/1929","Site3_01/12/1929_A138","Edgar Anderson","sepal width",2.7,"cm"
"179","Site3_01/12/1929","Site3_01/12/1929_A138","Edgar Anderson","petal length",5.3,"cm"
"180","Site3_01/12/1929","Site3_01/12/1929_A138","Edgar Anderson","petal width",1.9,"cm"
"181","Site1_01/12/1929","Site1_01/12/1929_A15","Edgar Anderson","sepal length",5.8,"cm"
"182","Site1_01/12/1929","Site1_01/12/1929_A15","Edgar Anderson","sepal width",4,"cm"
"183","Site1_01/12/1929","Site1_01/12/1929_A15","Edgar Anderson","petal length",1.2,"cm"
"184","Site1_01/12/1929","Site1_01/12/1929_A15","Edgar Anderson","petal width",0.2,"cm"
"185","Site1_02/12/1929","Site1_02/12/1929_A21","Edgar Anderson","sepal length",5.4,"cm"
"186","Site1_02/12/1929","Site1_02/12/1929_A21","Edgar Anderson","sepal width",3.4,"cm"
"187","Site1_02/12/1929","Site1_02/12/1929_A21","Edgar Anderson","petal length",1.7,"cm"
"188","Site1_02/12/1929","Site1_02/12/1929_A21","Edgar Anderson","petal width",0.2,"cm"
"189","Site3_03/12/1929","Site3_03/12/1929_A40","Edgar Anderson","sepal length",5.1,"cm"
"190","Site3_03/12/1929","Site3_03/12/1929_A40","Edgar Anderson","sepal width",3.4,"cm"
"191","Site3_03/12/1929","Site3_03/12/1929_A40","Edgar Anderson","petal length",1.5,"cm"
"192","Site3_03/12/1929","Site3_03/12/1929_A40","Edgar Anderson","petal width",0.2,"cm"
"193","Site3_04/12/1929","Site3_04/12/1929_A49","Edgar Anderson","sepal length",5.3,"cm"
"194","Site3_04/12/1929","Site3_04/12/1929_A49","Edgar Anderson","sepal width",3.7,"cm"
"195","Site3_04/12/1929","Site3_04/12/1929_A49","Edgar Anderson","petal length",1.5,"cm"
"196","Site3_04/12/1929","Site3_04/12/1929_A49","Edgar Anderson","petal width",0.2,"cm"
"197","Site2_13/02/1930","Site2_13/02/1930_A56","Edgar Anderson","sepal length",5.7,"cm"
"198","Site2_13/02/1930","Site2_13/02/1930_A56","Edgar Anderson","sepal width",2.8,"cm"
"199","Site2_13/02/1930","Site2_13/02/1930_A56","Edgar Anderson","petal length",4.5,"cm"
"200","Site2_13/02/1930","Site2_13/02/1930_A56","Edgar Anderson","petal width",1.3,"cm"
"201","Site3_01/12/1929","Site3_01/12/1929_A58","Edgar Anderson","sepal length",4.9,"cm"
"202","Site3_01/12/1929","Site3_01/12/1929_A58","Edgar Anderson","sepal width",2.4,"cm"
"203","Site3_01/12/1929","Site3_01/12/1929_A58","Edgar Anderson","petal length",3.3,"cm"
"204","Site3_01/12/1929","Site3_01/12/1929_A58","Edgar Anderson","petal width",1,"cm"
"205","Site2_13/02/1930","Site2_13/02/1930_A62","Edgar Anderson","sepal length",5.9,"cm"
"206","Site2_13/02/1930","Site2_13/02/1930_A62","Edgar Anderson","sepal width",3,"cm"
"207","Site2_13/02/1930","Site2_13/02/1930_A62","Edgar Anderson","petal length",4.2,"cm"
"208","Site2_13/02/1930","Site2_13/02/1930_A62","Edgar Anderson","petal width",1.5,"cm"
"209","Site1_01/12/1929","Site1_01/12/1929_A90","Edgar Anderson","sepal length",5.5,"cm"
"210","Site1_01/12/1929","Site1_01/12/1929_A90","Edgar Anderson","sepal width",2.5,"cm"
"211","Site1_01/12/1929","Site1_01/12/1929_A90","Edgar Anderson","petal length",4,"cm"
"212","Site1_01/12/1929","Site1_01/12/1929_A90","Edgar Anderson","petal width",1.3,"cm"
"213","Site2_13/02/1930","Site2_13/02/1930_A101","Edgar Anderson","sepal length",6.3,"cm"
"214","Site2_13/02/1930","Site2_13/02/1930_A101","Edgar Anderson","sepal width",3.3,"cm"
"215","Site2_13/02/1930","Site2_13/02/1930_A101","Edgar Anderson","petal length",6,"cm"
"216","Site2_13/02/1930","Site2_13/02/1930_A101","Edgar Anderson","petal width",2.5,"cm"
"217","Site2_14/02/1930","Site2_14/02/1930_A107","Edgar Anderson","sepal length",4.9,"cm"
"218","Site2_14/02/1930","Site2_14/02/1930_A107","Edgar Anderson","sepal width",2.5,"cm"
"219","Site2_14/02/1930","Site2_14/02/1930_A107","Edgar Anderson","petal length",4.5,"cm"
"220","Site2_14/02/1930","Site2_14/02/1930_A107","Edgar Anderson","petal width",1.7,"cm"
"221","Site3_01/12/1929","Site3_01/12/1929_A115","Edgar Anderson","sepal length",5.8,"cm"
"222","Site3_01/12/1929","Site3_01/12/1929_A115","Edgar Anderson","sepal width",2.8,"cm"
"223","Site3_01/12/1929","Site3_01/12/1929_A115","Edgar Anderson","petal length",5.1,"cm"
"224","Site3_01/12/1929","Site3_01/12/1929_A115","Edgar Anderson","petal width",2.4,"cm"
"225","Site2_13/02/1930","Site2_13/02/1930_A116","Edgar Anderson","sepal length",6.4,"cm"
"226","Site2_13/02/1930","Site2_13/02/1930_A116","Edgar Anderson","sepal width",3.2,"cm"
"227","Site2_13/02/1930","Site2_13/02/1930_A116","Edgar Anderson","petal length",5.3,"cm"
"228","Site2_13/02/1930","Site2_13/02/1930_A116","Edgar Anderson","petal width",2.3,"cm"
"229","Site3_01/12/1929","Site3_01/12/1929_A121","Edgar Anderson","sepal length",6.9,"cm"
"230","Site3_01/12/1929","Site3_01/12/1929_A121","Edgar Anderson","sepal width",3.2,"cm"
"231","Site3_01/12/1929","Site3_01/12/1929_A121","Edgar Anderson","petal length",5.7,"cm"
"232","Site3_01/12/1929","Site3_01/12/1929_A121","Edgar Anderson","petal width",2.3,"cm"
"233","Site3_02/12/1929","Site3_02/12/1929_A127","Edgar Anderson","sepal length",6.2,"cm"
"234","Site3_02/12/1929","Site3_02/12/1929_A127","Edgar Anderson","sepal width",2.8,"cm"
"235","Site3_02/12/1929","Site3_02/12/1929_A127","Edgar Anderson","petal length",4.8,"cm"
"236","Site3_02/12/1929","Site3_02/12/1929_A127","Edgar Anderson","petal width",1.8,"cm"
"237","Site2_13/02/1930","Site2_13/02/1930_A140","Edgar Anderson","sepal length",6.9,"cm"
"238","Site2_13/02/1930","Site2_13/02/1930_A140","Edgar Anderson","sepal width",3.1,"cm"
"239","Site2_13/02/1930","Site2_13/02/1930_A140","Edgar Anderson","petal length",5.4,"cm"
"240","Site2_13/02/1930","Site2_13/02/1930_A140","Edgar Anderson","petal width",2.1,"cm"
"241","Site1_01/12/1929","Site1_01/12/1929_ A3","Edgar Anderson","sepal length",4.7,"cm"
"242","Site1_01/12/1929","Site1_01/12/1929_ A3","Edgar Anderson","sepal width",3.2,"cm"
"243","Site1_01/12/1929","Site1_01/12/1929_ A3","Edgar Anderson","petal length",1.3,"cm"
"244","Site1_01/12/1929","Site1_01/12/1929_ A3","Edgar Anderson","petal width",0.2,"cm"
"245","Site3_01/12/1929","Site3_01/12/1929_ A4","Edgar Anderson","sepal length",4.6,"cm"
"246","Site3_01/12/1929","Site3_01/12/1929_ A4","Edgar Anderson","sepal width",3.1,"cm"
"247","Site3_01/12/1929","Site3_01/12/1929_ A4","Edgar Anderson","petal length",1.5,"cm"
"248","Site3_01/12/1929","Site3_01/12/1929_ A4","Edgar Anderson","petal width",0.2,"cm"
"249","Site3_01/12/1929","Site3_01/12/1929_ A7","Edgar Anderson","sepal length",4.6,"cm"
"250","Site3_01/12/1929","Site3_01/12/1929_ A7","Edgar Anderson","sepal width",3.4,"cm"
"251","Site3_01/12/1929","Site3_01/12/1929_ A7","Edgar Anderson","petal length",1.4,"cm"
"252","Site3_01/12/1929","Site3_01/12/1929_ A7","Edgar Anderson","petal width",0.3,"cm"
"253","Site3_01/12/1929","Site3_01/12/1929_ A25","Edgar Anderson","sepal length",4.8,"cm"
"254","Site3_01/12/1929","Site3_01/12/1929_ A25","Edgar Anderson","sepal width",3.4,"cm"
"255","Site3_01/12/1929","Site3_01/12/1929_ A25","Edgar Anderson","petal length",1.9,"cm"
"256","Site3_01/12/1929","Site3_01/12/1929_ A25","Edgar Anderson","petal width",0.2,"cm"
"257","Site1_01/12/1929","Site1_01/12/1929_ A27","Edgar Anderson","sepal length",5,"cm"
"258","Site1_01/12/1929","Site1_01/12/1929_ A27","Edgar Anderson","sepal width",3.4,"cm"
"259","Site1_01/12/1929","Site1_01/12/1929_ A27","Edgar Anderson","petal length",1.6,"cm"
"260","Site1_01/12/1929","Site1_01/12/1929_ A27","Edgar Anderson","petal width",0.4,"cm"
"261","Site2_13/02/1930","Site2_13/02/1930_ A65","Edgar Anderson","sepal length",5.6,"cm"
"262","Site2_13/02/1930","Site2_13/02/1930_ A65","Edgar Anderson","sepal width",2.9,"cm"
"263","Site2_13/02/1930","Site2_13/02/1930_ A65","Edgar Anderson","petal length",3.6,"cm"
"264","Site2_13/02/1930","Site2_13/02/1930_ A65","Edgar Anderson","petal width",1.3,"cm"
"265","Site1_01/12/1929","Site1_01/12/1929_ A72","Edgar Anderson","sepal length",6.1,"cm"
"266","Site1_01/12/1929","Site1_01/12/1929_ A72","Edgar Anderson","sepal width",2.8,"cm"
"267","Site1_01/12/1929","Site1_01/12/1929_ A72","Edgar Anderson","petal length",4,"cm"
"268","Site1_01/12/1929","Site1_01/12/1929_ A72","Edgar Anderson","petal width",1.3,"cm"
"269","Site2_13/02/1930","Site2_13/02/1930_ A77","Edgar Anderson","sepal length",6.8,"cm"
"270","Site2_13/02/1930","Site2_13/02/1930_ A77","Edgar Anderson","sepal width",2.8,"cm"
"271","Site2_13/02/1930","Site2_13/02/1930_ A77","Edgar Anderson","petal length",4.8,"cm"
"272","Site2_13/02/1930","Site2_13/02/1930_ A77","Edgar Anderson","petal width",1.4,"cm"
"273","Site1_01/12/1929","Site1_01/12/1929_ A78","Edgar Anderson","sepal length",6.7,"cm"
"274","Site1_01/12/1929","Site1_01/12/1929_ A78","Edgar Anderson","sepal width",3,"cm"
"275","Site1_01/12/1929","Site1_01/12/1929_ A78","Edgar Anderson","petal length",5,"cm"
"276","Site1_01/12/1929","Site1_01/12/1929_ A78","Edgar Anderson","petal width",1.7,"cm"
"277","Site3_01/12/1929","Site3_01/12/1929_ A85","Edgar Anderson","sepal length",5.4,"cm"
"278","Site3_01/12/1929","Site3_01/12/1929_ A85","Edgar Anderson","sepal width",3,"cm"
"279","Site3_01/12/1929","Site3_01/12/1929_ A85","Edgar Anderson","petal length",4.5,"cm"
"280","Site3_01/12/1929","Site3_01/12/1929_ A85","Edgar Anderson","petal width",1.5,"cm"
"281","Site2_13/02/1930","Site2_13/02/1930_ A104","Edgar Anderson","sepal length",6.3,"cm"
"282","Site2_13/02/1930","Site2_13/02/1930_ A104","Edgar Anderson","sepal width",2.9,"cm"
"283","Site2_13/02/1930","Site2_13/02/1930_ A104","Edgar Anderson","petal length",5.6,"cm"
"284","Site2_13/02/1930","Site2_13/02/1930_ A104","Edgar Anderson","petal width",1.8,"cm"
"285","Site3_01/12/1929","Site3_01/12/1929_ A106","Edgar Anderson","sepal length",7.6,"cm"
"286","Site3_01/12/1929","Site3_01/12/1929_ A106","Edgar Anderson","sepal width",3,"cm"
"287","Site3_01/12/1929","Site3_01/12/1929_ A106","Edgar Anderson","petal length",6.6,"cm"
"288","Site3_01/12/1929","Site3_01/12/1929_ A106","Edgar Anderson","petal width",2.1,"cm"
"289","Site1_01/12/1929","Site1_01/12/1929_ A111","Edgar Anderson","sepal length",6.5,"cm"
"290","Site1_01/12/1929","Site1_01/12/1929_ A111","Edgar Anderson","sepal width",3.2,"cm"
"291","Site1_01/12/1929","Site1_01/12/1929_ A111","Edgar Anderson","petal length",5.1,"cm"
"292","Site1_01/12/1929","Site1_01/12/1929_ A111","Edgar Anderson","petal width",2,"cm"
"293","Site1_01/12/1929","Site1_01/12/1929_ A135","Edgar Anderson","sepal length",6.1,"cm"
"294","Site1_01/12/1929","Site1_01/12/1929_ A135","Edgar Anderson","sepal width",2.6,"cm"
"295","Site1_01/12/1929","Site1_01/12/1929_ A135","Edgar Anderson","petal length",5.6,"cm"
"296","Site1_01/12/1929","Site1_01/12/1929_ A135","Edgar Anderson","petal width",1.4,"cm"
"297","Site3_01/12/1929","Site3_01/12/1929_ A139","Edgar Anderson","sepal length",6,"cm"
"298","Site3_01/12/1929","Site3_01/12/1929_ A139","Edgar Anderson","sepal width",3,"cm"
"299","Site3_01/12/1929","Site3_01/12/1929_ A139","Edgar Anderson","petal length",4.8,"cm"
"300","Site3_01/12/1929","Site3_01/12/1929_ A139","Edgar Anderson","petal width",1.8,"cm"
"301","Site1_01/12/1929","Site1_01/12/1929_A17","Edgar Anderson","sepal length",5.9,"cm"
"302","Site1_01/12/1929","Site1_01/12/1929_A17","Edgar Anderson","sepal width",3,"cm"
"303","Site1_01/12/1929","Site1_01/12/1929_A17","Edgar Anderson","petal length",5.1,"cm"
"304","Site1_01/12/1929","Site1_01/12/1929_A17","Edgar Anderson","petal width",1.8,"cm"
"305","Site2_13/02/1930","Site2_13/02/1930_A130","Edgar Anderson","sepal length",6.3,"cm"
"306","Site2_13/02/1930","Site2_13/02/1930_A130","Edgar Anderson","sepal width",3.4,"cm"
"307","Site2_13/02/1930","Site2_13/02/1930_A130","Edgar Anderson","petal length",5.6,"cm"
"308","Site2_13/02/1930","Site2_13/02/1930_A130","Edgar Anderson","petal width",2.4,"cm"
"309","Site1_01/12/1929","Site1_01/12/1929_A61","Edgar Anderson","sepal length",5.5,"cm"
"310","Site1_01/12/1929","Site1_01/12/1929_A61","Edgar Anderson","sepal width",2.4,"cm"
"311","Site1_01/12/1929","Site1_01/12/1929_A61","Edgar Anderson","petal length",3.8,"cm"
"312","Site1_01/12/1929","Site1_01/12/1929_A61","Edgar Anderson","petal width",1.1,"cm"
"313","Site3_01/12/1929","Site3_01/12/1929_A38","Edgar Anderson","sepal length",4.8,"cm"
"314","Site3_01/12/1929","Site3_01/12/1929_A38","Edgar Anderson","sepal width",3.1,"cm"
"315","Site3_01/12/1929","Site3_01/12/1929_A38","Edgar Anderson","petal length",1.6,"cm"
"316","Site3_01/12/1929","Site3_01/12/1929_A38","Edgar Anderson","petal width",0.2,"cm"
"317","Site2_13/02/1930","Site2_13/02/1930_A129","Edgar Anderson","sepal length",6.3,"cm"
"318","Site2_13/02/1930","Site2_13/02/1930_A129","Edgar Anderson","sepal width",2.8,"cm"
"319","Site2_13/02/1930","Site2_13/02/1930_A129","Edgar Anderson","petal length",5.1,"cm"
"320","Site2_13/02/1930","Site2_13/02/1930_A129","Edgar Anderson","petal width",1.5,"cm"
"321","Site2_13/02/1930","Site2_13/02/1930_A122","Edgar Anderson","sepal length",6.8,"cm"
"322","Site2_13/02/1930","Site2_13/02/1930_A122","Edgar Anderson","sepal width",3,"cm"
"323","Site2_13/02/1930","Site2_13/02/1930_A122","Edgar Anderson","petal length",5.5,"cm"
"324","Site2_13/02/1930","Site2_13/02/1930_A122","Edgar Anderson","petal width",2.1,"cm"
"325","Site3_01/12/1929","Site3_01/12/1929_A41","Edgar Anderson","sepal length",5.1,"cm"
"326","Site3_01/12/1929","Site3_01/12/1929_A41","Edgar Anderson","sepal width",3.4,"cm"
"327","Site3_01/12/1929","Site3_01/12/1929_A41","Edgar Anderson","petal length",1.5,"cm"
"328","Site3_01/12/1929","Site3_01/12/1929_A41","Edgar Anderson","petal width",0.2,"cm"
"329","Site1_01/12/1929","Site1_01/12/1929_A66","Edgar Anderson","sepal length",5.7,"cm"
"330","Site1_01/12/1929","Site1_01/12/1929_A66","Edgar Anderson","sepal width",3,"cm"
"331","Site1_01/12/1929","Site1_01/12/1929_A66","Edgar Anderson","petal length",4.2,"cm"
"332","Site1_01/12/1929","Site1_01/12/1929_A66","Edgar Anderson","petal width",1.2,"cm"
"333","Site3_01/12/1929","Site3_01/12/1929_A84","Edgar Anderson","sepal length",6.4,"cm"
"334","Site3_01/12/1929","Site3_01/12/1929_A84","Edgar Anderson","sepal width",3.2,"cm"
"335","Site3_01/12/1929","Site3_01/12/1929_A84","Edgar Anderson","petal length",4.5,"cm"
"336","Site3_01/12/1929","Site3_01/12/1929_A84","Edgar Anderson","petal width",1.5,"cm"
"337","Site3_01/12/1929","Site3_01/12/1929_A137","Edgar Anderson","sepal length",6.7,"cm"
"338","Site3_01/12/1929","Site3_01/12/1929_A137","Edgar Anderson","sepal width",2.5,"cm"
"339","Site3_01/12/1929","Site3_01/12/1929_A137","Edgar Anderson","petal length",5.8,"cm"
"340","Site3_01/12/1929","Site3_01/12/1929_A137","Edgar Anderson","petal width",1.8,"cm"
"341","Site3_01/12/1929","Site3_01/12/1929_A95","Edgar Anderson","sepal length",5.4,"cm"
"342","Site3_01/12/1929","Site3_01/12/1929_A95","Edgar Anderson","sepal width",3,"cm"
"343","Site3_01/12/1929","Site3_01/12/1929_A95","Edgar Anderson","petal length",4.5,"cm"
"344","Site3_01/12/1929","Site3_01/12/1929_A95","Edgar Anderson","petal width",1.5,"cm"
"345","Site3_01/12/1929","Site3_01/12/1929_A146","Edgar Anderson","sepal length",7.7,"cm"
"346","Site3_01/12/1929","Site3_01/12/1929_A146","Edgar Anderson","sepal width",3,"cm"
"347","Site3_01/12/1929","Site3_01/12/1929_A146","Edgar Anderson","petal length",6.1,"cm"
"348","Site3_01/12/1929","Site3_01/12/1929_A146","Edgar Anderson","petal width",2.3,"cm"
"349","Site2_13/02/1930","Site2_13/02/1930_A79","Edgar Anderson","sepal length",6,"cm"
"350","Site2_13/02/1930","Site2_13/02/1930_A79","Edgar Anderson","sepal width",3.4,"cm"
"351","Site2_13/02/1930","Site2_13/02/1930_A79","Edgar Anderson","petal length",4.5,"cm"
"352","Site2_13/02/1930","Site2_13/02/1930_A79","Edgar Anderson","petal width",1.6,"cm"
"353","Site2_13/02/1930","Site2_13/02/1930_A80","Edgar Anderson","sepal length",5.6,"cm"
"354","Site2_13/02/1930","Site2_13/02/1930_A80","Edgar Anderson","sepal width",3,"cm"
"355","Site2_13/02/1930","Site2_13/02/1930_A80","Edgar Anderson","petal length",4.1,"cm"
"356","Site2_13/02/1930","Site2_13/02/1930_A80","Edgar Anderson","petal width",1.3,"cm"
"357","Site1_01/12/1929","Site1_01/12/1929_A53","Edgar Anderson","sepal length",6.3,"cm"
"358","Site1_01/12/1929","Site1_01/12/1929_A53","Edgar Anderson","sepal width",3.3,"cm"
"359","Site1_01/12/1929","Site1_01/12/1929_A53","Edgar Anderson","petal length",4.7,"cm"
"360","Site1_01/12/1929","Site1_01/12/1929_A53","Edgar Anderson","petal width",1.6,"cm"
"361","Site3_01/12/1929","Site3_01/12/1929_A127","Edgar Anderson","sepal length",6.2,"cm"
"362","Site3_01/12/1929","Site3_01/12/1929_A127","Edgar Anderson","sepal width",2.8,"cm"
"363","Site3_01/12/1929","Site3_01/12/1929_A127","Edgar Anderson","petal length",4.8,"cm"
"364","Site3_01/12/1929","Site3_01/12/1929_A127","Edgar Anderson","petal width",1.8,"cm"
"365","Site3_01/12/1929","Site3_01/12/1929_A49","Edgar Anderson","sepal length",5.3,"cm"
"366","Site3_01/12/1929","Site3_01/12/1929_A49","Edgar Anderson","sepal width",3.7,"cm"
"367","Site3_01/12/1929","Site3_01/12/1929_A49","Edgar Anderson","petal length",1.5,"cm"
"368","Site3_01/12/1929","Site3_01/12/1929_A49","Edgar Anderson","petal width",0.2,"cm"
"369","Site3_01/12/1929","Site3_01/12/1929_A100","Edgar Anderson","sepal length",5.7,"cm"
"370","Site3_01/12/1929","Site3_01/12/1929_A100","Edgar Anderson","sepal width",2.8,"cm"
"371","Site3_01/12/1929","Site3_01/12/1929_A100","Edgar Anderson","petal length",4.1,"cm"
"372","Site3_01/12/1929","Site3_01/12/1929_A100","Edgar Anderson","petal width",1.3,"cm"
"373","Site1_01/12/1929","Site1_01/12/1929_A3","Edgar Anderson","sepal length",4.7,"cm"
"374","Site1_01/12/1929","Site1_01/12/1929_A3","Edgar Anderson","sepal width",3.2,"cm"
"375","Site1_01/12/1929","Site1_01/12/1929_A3","Edgar Anderson","petal length",1.3,"cm"
"376","Site1_01/12/1929","Site1_01/12/1929_A3","Edgar Anderson","petal width",0.2,"cm"
"377","Site2_13/02/1930","Site2_13/02/1930_A140","Edgar Anderson","sepal length",6.9,"cm"
"378","Site2_13/02/1930","Site2_13/02/1930_A140","Edgar Anderson","sepal width",3.1,"cm"
"379","Site2_13/02/1930","Site2_13/02/1930_A140","Edgar Anderson","petal length",5.4,"cm"
"380","Site2_13/02/1930","Site2_13/02/1930_A140","Edgar Anderson","petal width",2.1,"cm"
"381","Site3_01/12/1929","Site3_01/12/1929_A133","Edgar Anderson","sepal length",6.4,"cm"
"382","Site3_01/12/1929","Site3_01/12/1929_A133","Edgar Anderson","sepal width",2.8,"cm"
"383","Site3_01/12/1929","Site3_01/12/1929_A133","Edgar Anderson","petal length",5.6,"cm"
"384","Site3_01/12/1929","Site3_01/12/1929_A133","Edgar Anderson","petal width",2.2,"cm"
"385","Site2_13/02/1930","Site2_13/02/1930_A143","Edgar Anderson","sepal length",5.8,"cm"
"386","Site2_13/02/1930","Site2_13/02/1930_A143","Edgar Anderson","sepal width",2.7,"cm"
"387","Site2_13/02/1930","Site2_13/02/1930_A143","Edgar Anderson","petal length",5.1,"cm"
"388","Site2_13/02/1930","Site2_13/02/1930_A143","Edgar Anderson","petal width",1.9,"cm"
"389","Site3_01/12/1929","Site3_01/12/1929_A7","Edgar Anderson","sepal length",4.6,"cm"
"390","Site3_01/12/1929","Site3_01/12/1929_A7","Edgar Anderson","sepal width",3.4,"cm"
"391","Site3_01/12/1929","Site3_01/12/1929_A7","Edgar Anderson","petal length",1.4,"cm"
"392","Site3_01/12/1929","Site3_01/12/1929_A7","Edgar Anderson","petal width",0.3,"cm"
"393","Site3_01/12/1929","Site3_01/12/1929_A148","Edgar Anderson","sepal length",6.5,"cm"
"394","Site3_01/12/1929","Site3_01/12/1929_A148","Edgar Anderson","sepal width",3,"cm"
"395","Site3_01/12/1929","Site3_01/12/1929_A148","Edgar Anderson","petal length",5.2,"cm"
"396","Site3_01/12/1929","Site3_01/12/1929_A148","Edgar Anderson","petal width",2,"cm"
"397","Site3_01/12/1929","Site3_01/12/1929_A94","Edgar Anderson","sepal length",5,"cm"
"398","Site3_01/12/1929","Site3_01/12/1929_A94","Edgar Anderson","sepal width",2.3,"cm"
"399","Site3_01/12/1929","Site3_01/12/1929_A94","Edgar Anderson","petal length",3.3,"cm"
"400","Site3_01/12/1929","Site3_01/12/1929_A94","Edgar Anderson","petal width",1,"cm"
"401","Site3_01/12/1929","Site3_01/12/1929_A61","Edgar Anderson","sepal length",5,"cm"
"402","Site3_01/12/1929","Site3_01/12/1929_A61","Edgar Anderson","sepal width",2,"cm"
"403","Site3_01/12/1929","Site3_01/12/1929_A61","Edgar Anderson","petal length",3.5,"cm"
"404","Site3_01/12/1929","Site3_01/12/1929_A61","Edgar Anderson","petal width",1,"cm"
"405","Site1_01/12/1929","Site1_01/12/1929_A9","Edgar Anderson","sepal length",4.4,"cm"
"406","Site1_01/12/1929","Site1_01/12/1929_A9","Edgar Anderson","sepal width",2.9,"cm"
"407","Site1_01/12/1929","Site1_01/12/1929_A9","Edgar Anderson","petal length",1.4,"cm"
"408","Site1_01/12/1929","Site1_01/12/1929_A9","Edgar Anderson","petal width",0.2,"cm"
"409","Site1_01/12/1929","Site1_01/12/1929_A87","Edgar Anderson","sepal length",6.7,"cm"
"410","Site1_01/12/1929","Site1_01/12/1929_A87","Edgar Anderson","sepal width",3.1,"cm"
"411","Site1_01/12/1929","Site1_01/12/1929_A87","Edgar Anderson","petal length",4.7,"cm"
"412","Site1_01/12/1929","Site1_01/12/1929_A87","Edgar Anderson","petal width",1.5,"cm"
"413","Site3_01/12/1929","Site3_01/12/1929_A121","Edgar Anderson","sepal length",6.9,"cm"
"414","Site3_01/12/1929","Site3_01/12/1929_A121","Edgar Anderson","sepal width",3.2,"cm"
"415","Site3_01/12/1929","Site3_01/12/1929_A121","Edgar Anderson","petal length",5.7,"cm"
"416","Site3_01/12/1929","Site3_01/12/1929_A121","Edgar Anderson","petal width",2.3,"cm"
"417","Site1_01/12/1929","Site1_01/12/1929_A69","Edgar Anderson","sepal length",6.2,"cm"
"418","Site1_01/12/1929","Site1_01/12/1929_A69","Edgar Anderson","sepal width",2.2,"cm"
"419","Site1_01/12/1929","Site1_01/12/1929_A69","Edgar Anderson","petal length",4.5,"cm"
"420","Site1_01/12/1929","Site1_01/12/1929_A69","Edgar Anderson","petal width",1.5,"cm"
