"","eventID","occurrenceID","scientificName","scientificNameID","recordedBy","taxonRank","organismQuantityType","basisOfRecord"
"1","Site2_13/02/1930","Site2_13/02/1930_A24","Iris setosa","https://www.itis.gov/servlet/SingleRpt/SingleRpt?search_topic=TSN&search_value=43195","Edgar Anderson","Species","individuals","Human observation"
"2","Site3_01/12/1929","Site3_01/12/1929_A148","Iris virginica","https://www.itis.gov/servlet/SingleRpt/SingleRpt?search_topic=TSN&search_value=43197","Edgar Anderson","Species","individuals","Human observation"
"3","Site2_13/02/1930","Site2_13/02/1930_A70","Iris versicolor","https://www.itis.gov/servlet/SingleRpt/SingleRpt?search_topic=TSN&search_value=43196","Edgar Anderson","Species","individuals","Human observation"
"4","Site1_01/12/1929","Site1_01/12/1929_A16","Iris setosa","https://www.itis.gov/servlet/SingleRpt/SingleRpt?search_topic=TSN&search_value=43195","Edgar Anderson","Species","individuals","Human observation"
"5","Site1_01/12/1929","Site1_01/12/1929_A67","Iris versicolor","https://www.itis.gov/servlet/SingleRpt/SingleRpt?search_topic=TSN&search_value=43196","Edgar Anderson","Species","individuals","Human observation"
"6","Site3_01/12/1929","Site3_01/12/1929_A144","Iris virginica","https://www.itis.gov/servlet/SingleRpt/SingleRpt?search_topic=TSN&search_value=43197","Edgar Anderson","Species","individuals","Human observation"
"7","Site3_01/12/1929","Site3_01/12/1929_A92","Iris versicolor","https://www.itis.gov/servlet/SingleRpt/SingleRpt?search_topic=TSN&search_value=43196","Edgar Anderson","Species","individuals","Human observation"
"8","Site1_01/12/1929","Site1_01/12/1929_A108","Iris virginica","https://www.itis.gov/servlet/SingleRpt/SingleRpt?search_topic=TSN&search_value=43197","Edgar Anderson","Species","individuals","Human observation"
"9","Site1_01/12/1929","Site1_01/12/1929_A112","Iris virginica","https://www.itis.gov/servlet/SingleRpt/SingleRpt?search_topic=TSN&search_value=43197","Edgar Anderson","Species","individuals","Human observation"
"10","Site2_13/02/1930","Site2_13/02/1930_A81","Iris versicolor","https://www.itis.gov/servlet/SingleRpt/SingleRpt?search_topic=TSN&search_value=43196","Edgar Anderson","Species","individuals","Human observation"
"11","Site1_01/12/1929","Site1_01/12/1929_A51","Iris versicolor","https://www.itis.gov/servlet/SingleRpt/SingleRpt?search_topic=TSN&search_value=43196","Edgar Anderson","Species","individuals","Human observation"
"12","Site2_13/02/1930","Site2_13/02/1930_A75","Iris versicolor","https://www.itis.gov/servlet/SingleRpt/SingleRpt?search_topic=TSN&search_value=43196","Edgar Anderson","Species","individuals","Human observation"
"13","Site2_13/02/1930","Site2_13/02/1930_A32","Iris setosa","https://www.itis.gov/servlet/SingleRpt/SingleRpt?search_topic=TSN&search_value=43195","Edgar Anderson","Species","individuals","Human observation"
"14","Site3_01/12/1929","Site3_01/12/1929_A34","Iris setosa","https://www.itis.gov/servlet/SingleRpt/SingleRpt?search_topic=TSN&search_value=43195","Edgar Anderson","Species","individuals","Human observation"
"15","Site1_01/12/1929","Site1_01/12/1929_A52","Iris versicolor","https://www.itis.gov/servlet/SingleRpt/SingleRpt?search_topic=TSN&search_value=43196","Edgar Anderson","Species","individuals","Human observation"
"16","Site1_01/12/1929","Site1_01/12/1929_A1","Iris setosa","https://www.itis.gov/servlet/SingleRpt/SingleRpt?search_topic=TSN&search_value=43195","Edgar Anderson","Species","individuals","Human observation"
"17","Site1_02/12/1929","Site1_02/12/1929_A5","Iris setosa","https://www.itis.gov/servlet/SingleRpt/SingleRpt?search_topic=TSN&search_value=43195","Edgar Anderson","Species","individuals","Human observation"
"18","Site1_02/12/1929","Site1_02/12/1929_A9","Iris setosa","https://www.itis.gov/servlet/SingleRpt/SingleRpt?search_topic=TSN&search_value=43195","Edgar Anderson","Species","individuals","Human observation"
"19","Site1_02/12/1929","Site1_02/12/1929_A37","Iris setosa","https://www.itis.gov/servlet/SingleRpt/SingleRpt?search_topic=TSN&search_value=43195","Edgar Anderson","Species","individuals","Human observation"
"20","Site1_02/12/1929","Site1_02/12/1929_A59","Iris setosa","https://www.itis.gov/servlet/SingleRpt/SingleRpt?search_topic=TSN&search_value=43195","Edgar Anderson","Species","individuals","Human observation"
"21","Site2_02/12/1929","Site2_02/12/1929_A82","Iris setosa","https://www.itis.gov/servlet/SingleRpt/SingleRpt?search_topic=TSN&search_value=43195","Edgar Anderson","Species","individuals","Human observation"
"22","Site3_02/12/1929","Site3_02/12/1929_A88","Iris setosa","https://www.itis.gov/servlet/SingleRpt/SingleRpt?search_topic=TSN&search_value=43195","Edgar Anderson","Species","individuals","Human observation"
"23","Site1_02/12/1929","Site1_02/12/1929_A102","Iris setosa","https://www.itis.gov/servlet/SingleRpt/SingleRpt?search_topic=TSN&search_value=43195","Edgar Anderson","Species","individuals","Human observation"
"24","Site1_02/12/1929","Site1_02/12/1929_A105","Iris setosa","https://www.itis.gov/servlet/SingleRpt/SingleRpt?search_topic=TSN&search_value=43195","Edgar Anderson","Species","individuals","Human observation"
"25","Site1_02/12/1929","Site1_02/12/1929_A109","Iris setosa","https://www.itis.gov/servlet/SingleRpt/SingleRpt?search_topic=TSN&search_value=43195","Edgar Anderson","Species","individuals","Human observation"
"26","Site1_02/12/1929","Site1_02/12/1929_A113","Iris setosa","https://www.itis.gov/servlet/SingleRpt/SingleRpt?search_topic=TSN&search_value=43195","Edgar Anderson","Species","individuals","Human observation"
"27","Site1_02/12/1929","Site1_02/12/1929_A114","Iris setosa","https://www.itis.gov/servlet/SingleRpt/SingleRpt?search_topic=TSN&search_value=43195","Edgar Anderson","Species","individuals","Human observation"
"28","Site1_02/12/1929","Site1_02/12/1929_A117","Iris setosa","https://www.itis.gov/servlet/SingleRpt/SingleRpt?search_topic=TSN&search_value=43195","Edgar Anderson","Species","individuals","Human observation"
"29","Site2_02/12/1929","Site2_02/12/1929_A118","Iris setosa","https://www.itis.gov/servlet/SingleRpt/SingleRpt?search_topic=TSN&search_value=43195","Edgar Anderson","Species","individuals","Human observation"
"30","Site2_02/12/1929","Site2_02/12/1929_A133","Iris setosa","https://www.itis.gov/servlet/SingleRpt/SingleRpt?search_topic=TSN&search_value=43195","Edgar Anderson","Species","individuals","Human observation"
"31","Site1_01/12/1929","Site1_01/12/1929_A2","Iris setosa","https://www.itis.gov/servlet/SingleRpt/SingleRpt?search_topic=TSN&search_value=43195","Edgar Anderson","Species","individuals","Human observation"
"32","Site1_01/12/1929","Site1_01/12/1929_A6","Iris setosa","https://www.itis.gov/servlet/SingleRpt/SingleRpt?search_topic=TSN&search_value=43195","Edgar Anderson","Species","individuals","Human observation"
"33","Site1_01/12/1929","Site1_01/12/1929_A8","Iris setosa","https://www.itis.gov/servlet/SingleRpt/SingleRpt?search_topic=TSN&search_value=43195","Edgar Anderson","Species","individuals","Human observation"
"34","Site2_13/02/1930","Site2_13/02/1930_A19","Iris setosa","https://www.itis.gov/servlet/SingleRpt/SingleRpt?search_topic=TSN&search_value=43195","Edgar Anderson","Species","individuals","Human observation"
"35","Site2_13/02/1930","Site2_13/02/1930_A28","Iris setosa","https://www.itis.gov/servlet/SingleRpt/SingleRpt?search_topic=TSN&search_value=43195","Edgar Anderson","Species","individuals","Human observation"
"36","Site2_13/02/1930","Site2_13/02/1930_A30","Iris setosa","https://www.itis.gov/servlet/SingleRpt/SingleRpt?search_topic=TSN&search_value=43195","Edgar Anderson","Species","individuals","Human observation"
"37","Site3_01/12/1929","Site3_01/12/1929_A35","Iris setosa","https://www.itis.gov/servlet/SingleRpt/SingleRpt?search_topic=TSN&search_value=43195","Edgar Anderson","Species","individuals","Human observation"
"38","Site3_01/12/1929","Site3_01/12/1929_A43","Iris setosa","https://www.itis.gov/servlet/SingleRpt/SingleRpt?search_topic=TSN&search_value=43195","Edgar Anderson","Species","individuals","Human observation"
"39","Site2_13/02/1930","Site2_13/02/1930_A74","Iris versicolor","https://www.itis.gov/servlet/SingleRpt/SingleRpt?search_topic=TSN&search_value=43196","Edgar Anderson","Species","individuals","Human observation"
"40","Site3_01/12/1929","Site3_01/12/1929_A94","Iris versicolor","https://www.itis.gov/servlet/SingleRpt/SingleRpt?search_topic=TSN&search_value=43196","Edgar Anderson","Species","individuals","Human observation"
"41","Site3_01/12/1929","Site3_01/12/1929_A99","Iris versicolor","https://www.itis.gov/servlet/SingleRpt/SingleRpt?search_topic=TSN&search_value=43196","Edgar Anderson","Species","individuals","Human observation"
"42","Site2_13/02/1930","Site2_13/02/1930_A119","Iris virginica","https://www.itis.gov/servlet/SingleRpt/SingleRpt?search_topic=TSN&search_value=43197","Edgar Anderson","Species","individuals","Human observation"
"43","Site2_13/02/1930","Site2_13/02/1930_A125","Iris virginica","https://www.itis.gov/servlet/SingleRpt/SingleRpt?search_topic=TSN&search_value=43197","Edgar Anderson","Species","individuals","Human observation"
"44","Site2_13/02/1930","Site2_13/02/1930_A126","Iris virginica","https://www.itis.gov/servlet/SingleRpt/SingleRpt?search_topic=TSN&search_value=43197","Edgar Anderson","Species","individuals","Human observation"
"45","Site3_01/12/1929","Site3_01/12/1929_A138","Iris virginica","https://www.itis.gov/servlet/SingleRpt/SingleRpt?search_topic=TSN&search_value=43197","Edgar Anderson","Species","individuals","Human observation"
"46","Site1_01/12/1929","Site1_01/12/1929_A15","Iris setosa","https://www.itis.gov/servlet/SingleRpt/SingleRpt?search_topic=TSN&search_value=43195","Edgar Anderson","Species","individuals","Human observation"
"47","Site1_02/12/1929","Site1_02/12/1929_A21","Iris setosa","https://www.itis.gov/servlet/SingleRpt/SingleRpt?search_topic=TSN&search_value=43195","Edgar Anderson","Species","individuals","Human observation"
"48","Site3_03/12/1929","Site3_03/12/1929_A40","Iris setosa","https://www.itis.gov/servlet/SingleRpt/SingleRpt?search_topic=TSN&search_value=43195","Edgar Anderson","Species","individuals","Human observation"
"49","Site3_04/12/1929","Site3_04/12/1929_A49","Iris setosa","https://www.itis.gov/servlet/SingleRpt/SingleRpt?search_topic=TSN&search_value=43195","Edgar Anderson","Species","individuals","Human observation"
"50","Site2_13/02/1930","Site2_13/02/1930_A56","Iris versicolor","https://www.itis.gov/servlet/SingleRpt/SingleRpt?search_topic=TSN&search_value=43196","Edgar Anderson","Species","individuals","Human observation"
"51","Site3_01/12/1929","Site3_01/12/1929_A58","Iris versicolor","https://www.itis.gov/servlet/SingleRpt/SingleRpt?search_topic=TSN&search_value=43196","Edgar Anderson","Species","individuals","Human observation"
"52","Site2_13/02/1930","Site2_13/02/1930_A62","Iris versicolor","https://www.itis.gov/servlet/SingleRpt/SingleRpt?search_topic=TSN&search_value=43196","Edgar Anderson","Species","individuals","Human observation"
"53","Site1_01/12/1929","Site1_01/12/1929_A90","Iris versicolor","https://www.itis.gov/servlet/SingleRpt/SingleRpt?search_topic=TSN&search_value=43196","Edgar Anderson","Species","individuals","Human observation"
"54","Site2_13/02/1930","Site2_13/02/1930_A101","Iris virginica","https://www.itis.gov/servlet/SingleRpt/SingleRpt?search_topic=TSN&search_value=43197","Edgar Anderson","Species","individuals","Human observation"
"55","Site2_14/02/1930","Site2_14/02/1930_A107","Iris virginica","https://www.itis.gov/servlet/SingleRpt/SingleRpt?search_topic=TSN&search_value=43197","Edgar Anderson","Species","individuals","Human observation"
"56","Site3_01/12/1929","Site3_01/12/1929_A115","Iris virginica","https://www.itis.gov/servlet/SingleRpt/SingleRpt?search_topic=TSN&search_value=43197","Edgar Anderson","Species","individuals","Human observation"
"57","Site2_13/02/1930","Site2_13/02/1930_A116","Iris virginica","https://www.itis.gov/servlet/SingleRpt/SingleRpt?search_topic=TSN&search_value=43197","Edgar Anderson","Species","individuals","Human observation"
"58","Site3_01/12/1929","Site3_01/12/1929_A121","Iris virginica","https://www.itis.gov/servlet/SingleRpt/SingleRpt?search_topic=TSN&search_value=43197","Edgar Anderson","Species","individuals","Human observation"
"59","Site3_02/12/1929","Site3_02/12/1929_A127","Iris virginica","https://www.itis.gov/servlet/SingleRpt/SingleRpt?search_topic=TSN&search_value=43197","Edgar Anderson","Species","individuals","Human observation"
"60","Site2_13/02/1930","Site2_13/02/1930_A140","Iris virginica","https://www.itis.gov/servlet/SingleRpt/SingleRpt?search_topic=TSN&search_value=43197","Edgar Anderson","Species","individuals","Human observation"
"61","Site1_01/12/1929","Site1_01/12/1929_ A3","Iris setosa","https://www.itis.gov/servlet/SingleRpt/SingleRpt?search_topic=TSN&search_value=43195","Edgar Anderson","Species","individuals","Human observation"
"62","Site3_01/12/1929","Site3_01/12/1929_ A4","Iris setosa","https://www.itis.gov/servlet/SingleRpt/SingleRpt?search_topic=TSN&search_value=43195","Edgar Anderson","Species","individuals","Human observation"
"63","Site3_01/12/1929","Site3_01/12/1929_ A7","Iris setosa","https://www.itis.gov/servlet/SingleRpt/SingleRpt?search_topic=TSN&search_value=43195","Edgar Anderson","Species","individuals","Human observation"
"64","Site3_01/12/1929","Site3_01/12/1929_ A25","Iris setosa","https://www.itis.gov/servlet/SingleRpt/SingleRpt?search_topic=TSN&search_value=43195","Edgar Anderson","Species","individuals","Human observation"
"65","Site1_01/12/1929","Site1_01/12/1929_ A27","Iris setosa","https://www.itis.gov/servlet/SingleRpt/SingleRpt?search_topic=TSN&search_value=43195","Edgar Anderson","Species","individuals","Human observation"
"66","Site2_13/02/1930","Site2_13/02/1930_ A65","Iris setosa","https://www.itis.gov/servlet/SingleRpt/SingleRpt?search_topic=TSN&search_value=43195","Edgar Anderson","Species","individuals","Human observation"
"67","Site1_01/12/1929","Site1_01/12/1929_ A72","Iris setosa","https://www.itis.gov/servlet/SingleRpt/SingleRpt?search_topic=TSN&search_value=43195","Edgar Anderson","Species","individuals","Human observation"
"68","Site2_13/02/1930","Site2_13/02/1930_ A77","Iris setosa","https://www.itis.gov/servlet/SingleRpt/SingleRpt?search_topic=TSN&search_value=43195","Edgar Anderson","Species","individuals","Human observation"
"69","Site1_01/12/1929","Site1_01/12/1929_ A78","Iris setosa","https://www.itis.gov/servlet/SingleRpt/SingleRpt?search_topic=TSN&search_value=43195","Edgar Anderson","Species","individuals","Human observation"
"70","Site3_01/12/1929","Site3_01/12/1929_ A85","Iris setosa","https://www.itis.gov/servlet/SingleRpt/SingleRpt?search_topic=TSN&search_value=43195","Edgar Anderson","Species","individuals","Human observation"
"71","Site2_13/02/1930","Site2_13/02/1930_ A104","Iris setosa","https://www.itis.gov/servlet/SingleRpt/SingleRpt?search_topic=TSN&search_value=43195","Edgar Anderson","Species","individuals","Human observation"
"72","Site3_01/12/1929","Site3_01/12/1929_ A106","Iris setosa","https://www.itis.gov/servlet/SingleRpt/SingleRpt?search_topic=TSN&search_value=43195","Edgar Anderson","Species","individuals","Human observation"
"73","Site1_01/12/1929","Site1_01/12/1929_ A111","Iris setosa","https://www.itis.gov/servlet/SingleRpt/SingleRpt?search_topic=TSN&search_value=43195","Edgar Anderson","Species","individuals","Human observation"
"74","Site1_01/12/1929","Site1_01/12/1929_ A135","Iris setosa","https://www.itis.gov/servlet/SingleRpt/SingleRpt?search_topic=TSN&search_value=43195","Edgar Anderson","Species","individuals","Human observation"
"75","Site3_01/12/1929","Site3_01/12/1929_ A139","Iris setosa","https://www.itis.gov/servlet/SingleRpt/SingleRpt?search_topic=TSN&search_value=43195","Edgar Anderson","Species","individuals","Human observation"
"76","Site1_01/12/1929","Site1_01/12/1929_A17","Iris virginica","https://www.itis.gov/servlet/SingleRpt/SingleRpt?search_topic=TSN&search_value=43197","Edgar Anderson","Species","individuals","Human observation"
"77","Site2_13/02/1930","Site2_13/02/1930_A130","Iris virginica","https://www.itis.gov/servlet/SingleRpt/SingleRpt?search_topic=TSN&search_value=43197","Edgar Anderson","Species","individuals","Human observation"
"78","Site1_01/12/1929","Site1_01/12/1929_A61","Iris versicolor","https://www.itis.gov/servlet/SingleRpt/SingleRpt?search_topic=TSN&search_value=43196","Edgar Anderson","Species","individuals","Human observation"
"79","Site3_01/12/1929","Site3_01/12/1929_A38","Iris setosa","https://www.itis.gov/servlet/SingleRpt/SingleRpt?search_topic=TSN&search_value=43195","Edgar Anderson","Species","individuals","Human observation"
"80","Site2_13/02/1930","Site2_13/02/1930_A129","Iris virginica","https://www.itis.gov/servlet/SingleRpt/SingleRpt?search_topic=TSN&search_value=43197","Edgar Anderson","Species","individuals","Human observation"
"81","Site2_13/02/1930","Site2_13/02/1930_A122","Iris virginica","https://www.itis.gov/servlet/SingleRpt/SingleRpt?search_topic=TSN&search_value=43197","Edgar Anderson","Species","individuals","Human observation"
"82","Site3_01/12/1929","Site3_01/12/1929_A41","Iris setosa","https://www.itis.gov/servlet/SingleRpt/SingleRpt?search_topic=TSN&search_value=43195","Edgar Anderson","Species","individuals","Human observation"
"83","Site1_01/12/1929","Site1_01/12/1929_A66","Iris versicolor","https://www.itis.gov/servlet/SingleRpt/SingleRpt?search_topic=TSN&search_value=43196","Edgar Anderson","Species","individuals","Human observation"
"84","Site3_01/12/1929","Site3_01/12/1929_A84","Iris versicolor","https://www.itis.gov/servlet/SingleRpt/SingleRpt?search_topic=TSN&search_value=43196","Edgar Anderson","Species","individuals","Human observation"
"85","Site3_01/12/1929","Site3_01/12/1929_A137","Iris virginica","https://www.itis.gov/servlet/SingleRpt/SingleRpt?search_topic=TSN&search_value=43197","Edgar Anderson","Species","individuals","Human observation"
"86","Site3_01/12/1929","Site3_01/12/1929_A95","Iris versicolor","https://www.itis.gov/servlet/SingleRpt/SingleRpt?search_topic=TSN&search_value=43196","Edgar Anderson","Species","individuals","Human observation"
"87","Site3_01/12/1929","Site3_01/12/1929_A146","Iris virginica","https://www.itis.gov/servlet/SingleRpt/SingleRpt?search_topic=TSN&search_value=43197","Edgar Anderson","Species","individuals","Human observation"
"88","Site2_13/02/1930","Site2_13/02/1930_A79","Iris versicolor","https://www.itis.gov/servlet/SingleRpt/SingleRpt?search_topic=TSN&search_value=43196","Edgar Anderson","Species","individuals","Human observation"
"89","Site2_13/02/1930","Site2_13/02/1930_A80","Iris versicolor","https://www.itis.gov/servlet/SingleRpt/SingleRpt?search_topic=TSN&search_value=43196","Edgar Anderson","Species","individuals","Human observation"
"90","Site1_01/12/1929","Site1_01/12/1929_A53","Iris versicolor","https://www.itis.gov/servlet/SingleRpt/SingleRpt?search_topic=TSN&search_value=43196","Edgar Anderson","Species","individuals","Human observation"
"91","Site3_01/12/1929","Site3_01/12/1929_A127","Iris virginica","https://www.itis.gov/servlet/SingleRpt/SingleRpt?search_topic=TSN&search_value=43197","Edgar Anderson","Species","individuals","Human observation"
"92","Site3_01/12/1929","Site3_01/12/1929_A49","Iris setosa","https://www.itis.gov/servlet/SingleRpt/SingleRpt?search_topic=TSN&search_value=43195","Edgar Anderson","Species","individuals","Human observation"
"93","Site3_01/12/1929","Site3_01/12/1929_A100","Iris versicolor","https://www.itis.gov/servlet/SingleRpt/SingleRpt?search_topic=TSN&search_value=43196","Edgar Anderson","Species","individuals","Human observation"
"94","Site1_01/12/1929","Site1_01/12/1929_A3","Iris setosa","https://www.itis.gov/servlet/SingleRpt/SingleRpt?search_topic=TSN&search_value=43195","Edgar Anderson","Species","individuals","Human observation"
"95","Site3_01/12/1929","Site3_01/12/1929_A133","Iris virginica","https://www.itis.gov/servlet/SingleRpt/SingleRpt?search_topic=TSN&search_value=43197","Edgar Anderson","Species","individuals","Human observation"
"96","Site2_13/02/1930","Site2_13/02/1930_A143","Iris virginica","https://www.itis.gov/servlet/SingleRpt/SingleRpt?search_topic=TSN&search_value=43197","Edgar Anderson","Species","individuals","Human observation"
"97","Site3_01/12/1929","Site3_01/12/1929_A7","Iris setosa","https://www.itis.gov/servlet/SingleRpt/SingleRpt?search_topic=TSN&search_value=43195","Edgar Anderson","Species","individuals","Human observation"
"98","Site3_01/12/1929","Site3_01/12/1929_A61","Iris versicolor","https://www.itis.gov/servlet/SingleRpt/SingleRpt?search_topic=TSN&search_value=43196","Edgar Anderson","Species","individuals","Human observation"
"99","Site1_01/12/1929","Site1_01/12/1929_A9","Iris setosa","https://www.itis.gov/servlet/SingleRpt/SingleRpt?search_topic=TSN&search_value=43195","Edgar Anderson","Species","individuals","Human observation"
"100","Site1_01/12/1929","Site1_01/12/1929_A87","Iris versicolor","https://www.itis.gov/servlet/SingleRpt/SingleRpt?search_topic=TSN&search_value=43196","Edgar Anderson","Species","individuals","Human observation"
"101","Site1_01/12/1929","Site1_01/12/1929_A69","Iris versicolor","https://www.itis.gov/servlet/SingleRpt/SingleRpt?search_topic=TSN&search_value=43196","Edgar Anderson","Species","individuals","Human observation"
